Alternative,C1,C2,C3,C4,Topsis Score,Rank
A1,250,16,12,5,0.603516001880573,2
A2,200,20,8,3,0.5802232000070017,3
A3,300,11,16,4,0.3374424690649792,4
A4,275,18,10,4,0.693539830251051,1
